City_ID,City,Country,Date,Lat,Lng,Max Temp,Humidity,Cloudiness,Wind Speed
0,Bredasdorp,ZA,2021-12-08 20:10:22,-34.5322,20.0403,65.28,89,99,12.55
1,Butaritari,KI,2021-12-08 20:10:22,3.0707,172.7902,82.4,77,99,12.86
2,Nikolskoye,RU,2021-12-08 20:10:22,59.7035,30.7861,10.29,100,97,2.68
3,Bluff,NZ,2021-12-08 20:10:23,-46.6,168.3333,52.81,87,100,4.14
4,Kinablangan,PH,2021-12-08 20:10:23,7.6947,126.5503,76.66,80,100,5.95
5,Lorengau,PG,2021-12-08 20:10:23,-2.0226,147.2712,80.17,84,100,17.29
6,Bengkulu,ID,2021-12-08 20:10:24,-3.8004,102.2655,74.95,91,54,4.54
7,Massillon,US,2021-12-08 20:10:24,40.7967,-81.5215,31.01,64,90,5.01
8,Provideniya,RU,2021-12-08 20:10:25,64.3833,-173.3,6.91,78,90,24.61
9,Chabahar,IR,2021-12-08 20:10:26,25.2919,60.643,72.28,59,59,2.89
10,Tucumcari,US,2021-12-08 20:10:26,35.1717,-103.725,66.04,18,1,25.32
11,Crotone,IT,2021-12-08 20:10:26,39.0851,17.1178,48.92,67,100,10.38
12,Rikitea,PF,2021-12-08 20:10:27,-23.1203,-134.9692,75.69,67,49,21.23
13,Husavik,IS,2021-12-08 20:10:27,66.0449,-17.3389,21.13,64,29,14.63
14,Inongo,CD,2021-12-08 20:10:28,-1.95,18.2667,72.16,88,64,4.68
15,Ewa Beach,US,2021-12-08 20:10:28,21.3156,-158.0072,84.15,71,1,9.22
16,Ocampo,MX,2021-12-08 20:10:28,21.65,-101.5,72.28,15,24,9.08
17,Tubuala,PA,2021-12-08 20:10:29,9.5167,-79.0333,90.55,79,87,10.89
18,Saskylakh,RU,2021-12-08 20:10:29,71.9167,114.0833,-6.68,90,100,8.9
19,Ushuaia,AR,2021-12-08 20:09:20,-54.8,-68.3,58.68,36,100,8.7
20,Tuatapere,NZ,2021-12-08 20:10:30,-46.1333,167.6833,52.83,95,100,2.66
21,Waddan,LY,2021-12-08 20:10:30,29.1614,16.139,54.86,28,1,7.18
22,Tasiilaq,GL,2021-12-08 20:10:31,65.6145,-37.6368,30.51,94,100,35.03
23,Chokurdakh,RU,2021-12-08 20:10:31,70.6333,147.9167,-47.78,100,97,3.38
24,Hobart,AU,2021-12-08 20:05:32,-42.8794,147.3294,50.25,82,75,9.22
25,Esperance,AU,2021-12-08 20:10:32,-33.8667,121.9,57.47,76,0,17.65
26,Iqaluit,CA,2021-12-08 20:07:26,63.7506,-68.5145,6.53,71,90,5.01
27,Nome,US,2021-12-08 20:10:32,64.5011,-165.4064,6.87,67,1,4.61
28,Avarua,CK,2021-12-08 20:10:33,-21.2078,-159.775,78.85,83,90,8.05
29,Dikson,RU,2021-12-08 20:10:33,73.5069,80.5464,-1.48,93,100,23.78
30,Immenstadt,DE,2021-12-08 20:10:33,47.561,10.2199,33.62,92,100,3.02
31,Alexandria,EG,2021-12-08 20:10:34,31.2156,29.9553,65.55,53,56,18.23
32,Roma,US,2021-12-08 20:10:34,43.2128,-75.4557,33.66,86,90,4.61
33,Dali,CN,2021-12-08 20:10:34,25.7,100.1833,48.58,90,15,3.6
34,Cabo San Lucas,MX,2021-12-08 20:10:35,22.8909,-109.9124,85.51,54,40,5.01
35,Busselton,AU,2021-12-08 20:10:35,-33.65,115.3333,78.04,49,2,9.98
36,Grindavik,IS,2021-12-08 20:10:35,63.8424,-22.4338,36.07,87,75,21.85
37,Norrtalje,SE,2021-12-08 20:10:36,59.758,18.705,34.02,71,100,8.84
38,Ostrovnoy,RU,2021-12-08 20:10:36,68.0531,39.5131,13.21,86,44,4.63
39,Arraial Do Cabo,BR,2021-12-08 20:10:36,-22.9661,-42.0278,67.86,94,75,4.61
40,Cape Town,ZA,2021-12-08 20:05:42,-33.9258,18.4232,69.35,70,100,1.01
41,Samarai,PG,2021-12-08 20:10:37,-10.6167,150.6667,81.54,81,100,9.93
42,Tupik,RU,2021-12-08 20:10:37,54.4253,119.9327,13.5,94,100,2.93
43,Milkovo,RU,2021-12-08 20:10:38,54.7167,158.6167,8.6,75,63,6.78
44,Monterey,US,2021-12-08 20:10:38,36.2505,-121.2516,58.1,1,9,4.05
45,Jamestown,US,2021-12-08 20:06:04,42.097,-79.2353,29.52,87,90,8.99
46,Bahia Blanca,AR,2021-12-08 20:06:37,-38.7196,-62.2724,70.77,78,100,11.65
47,Huicheng,CN,2021-12-08 20:11:39,23.0385,116.2899,57.83,86,1,7.63
48,Turukhansk,RU,2021-12-08 20:11:39,65.8167,87.9833,-3.08,97,100,23.11
49,Atuona,PF,2021-12-08 20:11:39,-9.8,-139.0333,78.08,75,14,17.4
50,Castro,BR,2021-12-08 20:11:40,-24.7911,-50.0119,71.73,46,5,4.29
51,Yellowknife,CA,2021-12-08 20:08:42,62.456,-114.3525,6.42,95,90,8.05
52,Ponta Do Sol,PT,2021-12-08 20:11:40,32.6667,-17.1,64.13,72,47,8.03
53,Maun,BW,2021-12-08 20:11:41,-19.9833,23.4167,76.12,61,100,4.12
54,Davila,PH,2021-12-08 20:11:41,18.4726,120.5763,74.68,70,38,21.5
55,Vaini,TO,2021-12-08 20:11:41,-21.2,-175.2,80.76,78,20,9.22
56,Hilo,US,2021-12-08 20:08:03,19.7297,-155.09,77.79,46,90,5.75
57,Port Lincoln,AU,2021-12-08 20:11:42,-34.7333,135.8667,57.31,58,79,14.88
58,Avera,US,2021-12-08 20:11:42,33.194,-82.5271,54.91,75,88,13.62
59,Codrington,AU,2021-12-08 20:11:43,-38.2667,141.9667,54.18,68,37,16.02
60,Smithers,CA,2021-12-08 20:11:43,54.7804,-127.1743,28.13,82,75,2.17
61,Ancud,CL,2021-12-08 20:11:43,-41.8697,-73.8203,80.22,63,3,7.56
62,Bonthe,SL,2021-12-08 20:11:44,7.5264,-12.505,81.68,80,0,7.87
63,Toora-Khem,RU,2021-12-08 20:11:44,52.4675,96.11,3.83,99,100,2.24
64,Smirnykh,RU,2021-12-08 20:11:44,49.75,142.8333,13.89,94,10,3.15
65,Norman Wells,CA,2021-12-08 20:11:45,65.282,-126.8329,18.93,91,100,17.0
66,Puerto Narino,CO,2021-12-08 20:11:45,-3.7703,-70.3831,91.35,70,100,3.6
67,Paraiso,CR,2021-12-08 20:11:45,9.8383,-83.8656,73.96,67,36,5.46
68,Sao Filipe,CV,2021-12-08 20:11:46,14.8961,-24.4956,77.45,64,100,8.55
69,Port Alfred,ZA,2021-12-08 20:11:46,-33.5906,26.891,68.86,94,100,13.27
70,Saint George,US,2021-12-08 20:11:47,37.1041,-113.5841,54.95,64,90,1.99
71,Tuktoyaktuk,CA,2021-12-08 20:11:47,69.4541,-133.0374,10.71,94,100,11.32
72,Petropavlovsk-Kamchatskiy,RU,2021-12-08 20:11:47,53.0452,158.6483,21.79,50,40,11.18
73,Kapaa,US,2021-12-08 20:11:48,22.0752,-159.319,82.38,77,75,1.99
74,Satoraljaujhely,HU,2021-12-08 20:11:48,48.4,21.6667,28.04,77,1,2.01
75,Middleton,GB,2021-12-08 20:11:48,53.55,-2.2,45.12,93,95,7.36
76,Kahului,US,2021-12-08 20:11:49,20.8947,-156.47,79.86,81,75,9.22
77,Luderitz,NA,2021-12-08 20:11:49,-26.6481,15.1594,61.79,91,0,11.97
78,Georgetown,MY,2021-12-08 20:11:49,5.4112,100.3354,79.9,79,20,9.22
79,Virginia Beach,US,2021-12-08 20:10:53,36.8529,-75.978,46.02,76,100,12.1
80,Aksarka,RU,2021-12-08 20:11:50,66.5606,67.7975,15.87,80,100,23.13
81,Khatanga,RU,2021-12-08 20:11:50,71.9667,102.5,1.33,95,100,11.95
82,Albany,US,2021-12-08 20:11:32,42.6001,-73.9662,36.09,78,100,3.02
83,Beira,MZ,2021-12-08 20:11:51,-19.8436,34.8389,82.49,83,40,17.27
84,Boo,SE,2021-12-08 20:11:51,59.3333,18.2833,33.76,79,20,11.5
85,Mataura,NZ,2021-12-08 20:11:52,-46.1927,168.8643,52.48,93,97,1.25
86,Guerrero Negro,MX,2021-12-08 20:11:52,27.9769,-114.0611,69.19,52,100,5.44
87,Sorong,ID,2021-12-08 20:11:53,-0.8833,131.25,80.49,82,100,5.35
88,Kabansk,RU,2021-12-08 20:11:53,52.0486,106.6528,7.29,88,100,6.73
89,Broken Hill,AU,2021-12-08 20:11:53,-31.95,141.4333,51.37,50,0,15.32
90,Kaitangata,NZ,2021-12-08 20:11:54,-46.2817,169.8464,56.82,78,82,1.25
91,Atar,MR,2021-12-08 20:11:55,20.5169,-13.0499,71.58,12,62,11.21
92,Tautira,PF,2021-12-08 20:11:55,-17.7333,-149.15,82.42,72,42,16.67
93,Zhigansk,RU,2021-12-08 20:11:55,66.7697,123.3711,-19.46,96,100,10.63
94,Mahibadhoo,MV,2021-12-08 20:11:56,3.7833,72.9667,81.79,76,100,8.88
95,Punta Arenas,CL,2021-12-08 20:12:56,-53.15,-70.9167,60.91,31,0,8.05
96,Naryan-Mar,RU,2021-12-08 20:12:57,67.6713,53.087,-1.79,90,5,8.16
97,Yerbogachen,RU,2021-12-08 20:12:57,61.2767,108.0108,-9.51,83,75,9.64
98,Yulara,AU,2021-12-08 20:12:57,-25.2406,130.9889,69.64,40,2,8.05
99,Vao,NC,2021-12-08 20:12:58,-22.6667,167.4833,78.15,82,39,11.14
100,Portland,US,2021-12-08 20:12:52,45.5234,-122.6762,50.63,79,75,4.0
101,Hirara,JP,2021-12-08 20:12:58,24.8,125.2833,70.63,58,98,16.69
102,Kushima,JP,2021-12-08 20:12:59,31.4583,131.2333,47.12,81,1,8.41
103,Severo-Kurilsk,RU,2021-12-08 20:08:58,50.6789,156.125,30.88,68,90,27.04
104,New Norfolk,AU,2021-12-08 20:12:59,-42.7826,147.0587,50.67,70,5,1.9
105,Alice Springs,AU,2021-12-08 20:08:49,-23.7,133.8833,65.75,55,90,11.5
106,East London,ZA,2021-12-08 20:11:12,-33.0153,27.9116,70.52,93,100,11.83
107,Meiganga,CM,2021-12-08 20:13:00,6.5167,14.3,71.83,30,74,5.5
108,Pochutla,MX,2021-12-08 20:13:00,15.7432,-96.4661,89.82,47,11,7.76
109,Chuy,UY,2021-12-08 20:13:01,-33.6971,-53.4616,71.37,58,1,13.51
110,Longyearbyen,SJ,2021-12-08 20:11:09,78.2186,15.6401,24.64,86,40,0.0
111,Kodiak,US,2021-12-08 20:13:01,57.79,-152.4072,36.91,65,75,23.02
112,Birin,NP,2021-12-08 20:13:02,26.8865,88.0718,49.23,81,32,4.81
113,San Buenaventura,MX,2021-12-08 20:13:02,27.0833,-101.5333,79.48,31,40,0.0
114,Vestmannaeyjar,IS,2021-12-08 20:13:03,63.4427,-20.2734,41.07,64,100,30.0
115,Maralal,KE,2021-12-08 20:13:03,1.0968,36.698,60.03,85,100,5.93
116,Vardo,NO,2021-12-08 20:13:04,70.3705,31.1107,11.95,79,20,12.66
117,Sobolevo,RU,2021-12-08 20:13:04,54.4299,31.8996,11.1,88,61,12.91
118,Riachao Das Neves,BR,2021-12-08 20:13:05,-11.7461,-44.91,76.71,92,72,3.98
119,Balkhash,KZ,2021-12-08 20:13:05,46.844,74.9804,16.36,63,0,14.16
120,Tigil,RU,2021-12-08 20:13:05,57.8,158.6667,7.59,85,98,12.15
121,Hithadhoo,MV,2021-12-08 20:13:06,-0.6,73.0833,81.68,75,90,10.47
122,Alihe,CN,2021-12-08 20:13:06,50.5667,123.7167,10.26,95,67,1.23
123,Vila Franca Do Campo,PT,2021-12-08 20:13:07,37.7167,-25.4333,61.2,69,100,4.52
124,Sawakin,SD,2021-12-08 20:13:07,19.1059,37.3321,81.1,73,25,12.59
125,Port Hedland,AU,2021-12-08 20:13:07,-20.3167,118.5667,86.05,54,14,6.91
126,Manokwari,ID,2021-12-08 20:13:08,-0.8667,134.0833,78.58,80,100,4.83
127,Kaeo,NZ,2021-12-08 20:13:08,-35.1,173.7833,67.32,93,99,2.33
128,Smolensk,RU,2021-12-08 20:13:08,55.0,33.0,8.69,90,32,9.44
129,Zelenoborskiy,RU,2021-12-08 20:13:09,66.845,32.3622,2.39,91,93,5.17
130,Murray Bridge,AU,2021-12-08 20:13:09,-35.1167,139.2667,55.15,74,6,7.52
131,Najran,SA,2021-12-08 20:13:09,17.4924,44.1277,55.72,13,0,1.34
132,Olinda,BR,2021-12-08 20:10:02,-8.0089,-34.8553,82.13,74,75,6.91
133,Ugoofaaru,MV,2021-12-08 20:13:10,5.6667,73.0,81.12,74,49,4.43
134,Necochea,AR,2021-12-08 20:13:10,-38.5473,-58.7368,75.54,46,100,15.03
135,Rio Grande,BR,2021-12-08 20:09:11,-32.035,-52.0986,77.11,60,4,14.85
136,Margate,GB,2021-12-08 20:13:11,51.3813,1.3862,44.46,74,83,1.01
137,Mar Del Plata,AR,2021-12-08 20:13:11,-38.0023,-57.5575,67.87,87,92,21.99
138,Pangai,TO,2021-12-08 20:13:11,-19.8,-174.35,78.91,65,75,18.41
139,Lewiston,US,2021-12-08 20:13:12,44.1003,-70.2148,26.51,89,90,9.22
140,Hermanus,ZA,2021-12-08 20:13:12,-34.4187,19.2345,65.8,83,93,13.71
141,Arzgir,RU,2021-12-08 20:14:12,45.3728,44.2206,46.33,96,95,3.98
142,Geraldton,AU,2021-12-08 20:14:13,-28.7667,114.6,70.21,88,90,8.05
143,Ilulissat,GL,2021-12-08 20:14:14,69.2167,-51.1,6.13,86,100,4.16
144,Nexo,DK,2021-12-08 20:13:07,55.0607,15.1306,30.29,77,100,23.24
145,San Jose,US,2021-12-08 20:12:10,37.3394,-121.895,60.85,85,90,4.61
146,Payyannur,IN,2021-12-08 20:14:14,12.1,75.2,75.63,83,0,2.66
147,Saint-Philippe,RE,2021-12-08 20:14:15,-21.3585,55.7679,74.79,74,28,10.04
148,Gamba,GA,2021-12-08 20:14:15,-2.65,10.0,77.99,91,44,3.67
149,Pangnirtung,CA,2021-12-08 20:14:15,66.1451,-65.7125,-4.14,89,100,2.91
150,Koutiala,ML,2021-12-08 20:14:16,12.3917,-5.4642,82.17,12,0,7.94
151,Lebu,CL,2021-12-08 20:14:16,-37.6167,-73.65,62.02,74,15,18.5
152,Luwuk,ID,2021-12-08 20:14:16,-0.9516,122.7875,78.01,88,100,1.57
153,Barrow,US,2021-12-08 20:10:02,71.2906,-156.7887,8.62,72,90,26.46
154,Joue-Les-Tours,FR,2021-12-08 20:14:17,47.3522,0.6691,39.54,86,0,8.05
155,San Rafael,AR,2021-12-08 20:12:01,-34.6177,-68.3301,80.04,35,43,15.14
156,Bambous Virieux,MU,2021-12-08 20:14:17,-20.3428,57.7575,78.22,72,48,9.98
157,Vanavara,RU,2021-12-08 20:14:18,60.34,102.2797,-6.9,89,63,9.33
158,Gwadar,PK,2021-12-08 20:14:18,25.1216,62.3254,73.08,32,1,12.77
159,Moen,NO,2021-12-08 20:14:19,69.1304,18.6123,21.27,77,0,2.3
160,Mahebourg,MU,2021-12-08 20:14:19,-20.4081,57.7,78.26,72,45,9.86
161,Aleksandrov Gay,RU,2021-12-08 20:14:19,50.147,48.5704,36.01,81,7,19.35
162,Langres,FR,2021-12-08 20:14:20,47.8333,5.3333,31.68,94,100,7.11
163,Dingle,PH,2021-12-08 20:14:20,10.9995,122.6711,75.47,90,97,13.24
164,Ribeira Grande,PT,2021-12-08 20:14:20,38.5167,-28.7,61.2,67,75,6.91
165,Udachnyy,RU,2021-12-08 20:14:21,66.4167,112.4,-30.84,100,88,5.55
166,Terrace Bay,CA,2021-12-08 20:14:21,48.7834,-87.1,14.0,63,42,4.14
167,Kudahuvadhoo,MV,2021-12-08 20:14:22,2.6708,72.8944,82.26,76,100,8.68
168,Manjacaze,MZ,2021-12-08 20:14:22,-24.7117,33.8828,71.78,95,43,4.7
169,Ayia Galini,GR,2021-12-08 20:14:22,35.1,24.6833,56.79,60,1,4.29
170,Baykit,RU,2021-12-08 20:14:23,61.67,96.37,-23.44,100,90,1.99
171,Puerto Ayora,EC,2021-12-08 20:14:23,-0.7393,-90.3518,80.56,77,98,9.84
172,Torbay,CA,2021-12-08 20:14:24,47.6666,-52.7314,36.57,76,100,4.0
173,Finschhafen,PG,2021-12-08 20:14:24,-6.6024,147.8681,79.88,80,93,4.16
174,Kruisfontein,ZA,2021-12-08 20:14:24,-34.0033,24.7314,63.88,92,96,6.2
175,Dakar,SN,2021-12-08 20:14:25,14.6937,-17.4441,76.08,69,89,14.5
176,Upernavik,GL,2021-12-08 20:12:23,72.7868,-56.1549,6.24,88,93,7.31
177,Urumqi,CN,2021-12-08 20:14:25,43.801,87.6005,22.15,80,75,6.71
178,Kongolo,CD,2021-12-08 20:14:25,-5.3833,27.0,69.73,98,100,0.47
179,Port Elizabeth,ZA,2021-12-08 20:11:02,-33.918,25.5701,66.09,94,90,6.91
180,Kununurra,AU,2021-12-08 20:14:26,-15.7667,128.7333,75.18,88,40,14.97
181,Erenhot,CN,2021-12-08 20:14:26,43.6475,111.9767,27.82,66,93,11.12
182,Kiunga,PG,2021-12-08 20:14:27,-6.1219,141.2906,72.57,99,90,1.86
183,Lagoa,PT,2021-12-08 20:14:27,39.05,-27.9833,60.39,54,100,1.61
184,Saraland,US,2021-12-08 20:14:27,30.8207,-88.0706,64.06,76,91,5.12
185,Arkhangelskoye,RU,2021-12-08 20:14:28,55.8549,35.3287,3.69,97,90,8.63
186,Harlingen,US,2021-12-08 20:14:28,26.1906,-97.6961,78.76,82,40,9.22
187,Maragogi,BR,2021-12-08 20:14:28,-9.0122,-35.2225,82.08,73,4,9.24
188,Cidreira,BR,2021-12-08 20:15:29,-30.1811,-50.2056,69.67,68,10,12.24
189,Mehamn,NO,2021-12-08 20:15:29,71.0357,27.8492,21.38,83,17,11.72
190,Myitkyina,MM,2021-12-08 20:15:30,25.3833,97.4,61.79,94,5,1.9
191,Mangan,IN,2021-12-08 20:15:30,27.5167,88.5333,56.01,42,4,7.0
192,Bandraboua,YT,2021-12-08 20:15:30,-12.7044,45.1223,78.48,74,1,10.22
193,Inhapim,BR,2021-12-08 20:15:31,-19.5492,-42.12,68.59,88,96,4.03
194,Sandpoint,US,2021-12-08 20:15:31,48.2766,-116.5533,41.74,89,90,5.01
195,Nola,IT,2021-12-08 20:15:31,40.922,14.5329,59.41,88,100,14.0
196,Tual,ID,2021-12-08 20:15:32,-5.6667,132.75,81.57,81,100,15.82
197,Moindou,NC,2021-12-08 20:15:32,-21.6924,165.677,78.75,73,0,3.69
198,Sola,VU,2021-12-08 20:15:33,-13.8833,167.55,81.52,77,99,6.46
199,Qaqortoq,GL,2021-12-08 20:15:33,60.7167,-46.0333,30.7,85,60,11.32
200,Talnakh,RU,2021-12-08 20:15:33,69.4865,88.3972,9.21,98,100,12.19
201,Lithgow,AU,2021-12-08 20:15:34,-33.4833,150.15,52.48,96,92,2.8
202,Salinopolis,BR,2021-12-08 20:15:34,-0.6136,-47.3561,82.63,77,19,7.9
203,Kavieng,PG,2021-12-08 20:15:34,-2.5744,150.7967,80.83,85,100,20.38
204,Andenes,NO,2021-12-08 20:15:35,69.3143,16.1194,16.07,73,0,10.36
205,Cyangugu,RW,2021-12-08 20:15:35,-2.4846,28.9075,60.66,94,100,0.69
206,Alyangula,AU,2021-12-08 20:15:35,-13.8483,136.4192,83.88,73,73,8.39
207,Westerland,DE,2021-12-08 20:15:36,54.9079,8.3033,37.42,93,90,16.11
208,Nishihara,JP,2021-12-08 20:15:36,26.1842,127.7558,63.68,75,20,3.44
209,Richards Bay,ZA,2021-12-08 20:15:37,-28.783,32.0377,71.69,93,96,4.05
210,Ngunguru,NZ,2021-12-08 20:15:37,-35.6167,174.5,67.15,75,59,2.77
211,Itarema,BR,2021-12-08 20:15:37,-2.9248,-39.9167,83.98,66,22,16.62
212,Cruz Alta,BR,2021-12-08 20:15:38,-28.6386,-53.6064,84.18,26,0,7.23
213,San Patricio,US,2021-12-08 20:15:39,28.017,-97.5169,81.01,45,36,3.96
214,Adrar,MR,2021-12-08 20:15:39,20.5022,-10.0711,65.16,12,14,11.79
215,Shiyan,CN,2021-12-08 20:15:39,32.6475,110.7781,41.65,71,0,4.25
216,Rio Verde De Mato Grosso,BR,2021-12-08 20:14:12,-18.9181,-54.8442,86.63,43,70,2.24
217,Sur,OM,2021-12-08 20:15:40,22.5667,59.5289,73.87,50,16,9.84
218,Umm Kaddadah,SD,2021-12-08 20:15:40,13.6017,26.6876,69.84,16,0,19.1
219,Mount Gambier,AU,2021-12-08 20:15:41,-37.8333,140.7667,53.87,59,91,10.27
220,Hobyo,SO,2021-12-08 20:15:41,5.3505,48.5268,78.49,75,99,19.84
221,Belyy Yar,RU,2021-12-08 20:15:41,53.6039,91.3903,4.89,85,59,0.0
222,Kamina,CD,2021-12-08 20:15:42,-8.7386,24.9906,63.86,99,100,5.61
223,Uchiza,PE,2021-12-08 20:15:42,-8.4592,-76.4633,90.09,50,93,1.34
224,Namibe,AO,2021-12-08 20:15:43,-15.1961,12.1522,69.46,72,0,5.12
225,Bubaque,GW,2021-12-08 20:15:43,11.2833,-15.8333,82.51,61,72,9.26
226,Bhalki,IN,2021-12-08 20:15:44,18.0333,77.2167,69.51,62,93,9.6
227,Palembang,ID,2021-12-08 20:15:44,-2.9167,104.7458,73.92,98,80,3.51
228,Bagaces,CR,2021-12-08 20:15:45,10.5271,-85.2548,91.33,56,11,14.7
229,Qaanaaq,GL,2021-12-08 20:15:45,77.484,-69.3632,7.65,66,15,7.56
230,Khasan,RU,2021-12-08 20:15:45,42.4308,130.6434,30.02,81,10,4.36
231,Lashio,MM,2021-12-08 20:15:46,22.9333,97.75,58.1,98,12,1.9
232,Narsaq,GL,2021-12-08 20:15:46,60.9167,-46.05,30.42,86,83,10.33
233,Flinders,AU,2021-12-08 20:16:46,-34.5833,150.8552,63.21,92,100,8.03
234,Half Moon Bay,US,2021-12-08 20:12:59,37.4636,-122.4286,60.57,87,75,4.61
235,Walvis Bay,NA,2021-12-08 20:16:47,-22.9575,14.5053,59.95,82,1,3.44
236,Uvinza,TZ,2021-12-08 20:16:48,-5.1036,30.3911,65.48,96,91,2.89
237,Kungurtug,RU,2021-12-08 20:16:48,50.5994,97.5228,10.44,92,100,1.92
238,Haines Junction,CA,2021-12-08 20:16:48,60.7522,-137.5108,-0.45,85,100,2.3
239,Damietta,EG,2021-12-08 20:16:49,31.4165,31.8133,64.02,58,76,18.01
240,Samana,DO,2021-12-08 20:15:17,19.2056,-69.3369,86.22,74,20,9.22
241,Coruripe,BR,2021-12-08 20:16:49,-10.1256,-36.1756,82.06,72,2,17.76
242,Port Hardy,CA,2021-12-08 20:15:11,50.6996,-127.4199,42.8,81,75,11.5
243,College,US,2021-12-08 20:16:50,64.8569,-147.8028,10.72,88,75,3.44
244,Bridlington,GB,2021-12-08 20:16:50,54.0831,-0.1919,41.9,89,100,19.01
245,Isangel,VU,2021-12-08 20:16:51,-19.55,169.2667,80.71,83,40,0.0
246,Eureka,US,2021-12-08 20:16:51,40.8021,-124.1637,55.74,79,100,7.0
247,Karratha,AU,2021-12-08 20:16:52,-20.7377,116.8463,88.0,41,24,9.28
248,Gold Coast,AU,2021-12-08 20:16:52,-28.0,153.4333,72.19,88,2,3.44
249,Homer,US,2021-12-08 20:16:52,59.6425,-151.5483,28.27,93,90,4.61
250,Souillac,MU,2021-12-08 20:16:53,-20.5167,57.5167,77.36,78,20,3.44
251,Rawah,IQ,2021-12-08 20:16:53,34.4816,41.9093,57.67,27,66,8.43
252,Port Shepstone,ZA,2021-12-08 20:16:54,-30.7414,30.455,72.55,91,99,14.16
253,Ketchikan,US,2021-12-08 20:16:54,55.3422,-131.6461,34.27,93,40,3.44
254,Yaan,NG,2021-12-08 20:16:54,7.3833,8.5667,83.08,18,97,4.83
255,Nantucket,US,2021-12-08 20:16:55,41.2835,-70.0995,38.97,88,100,14.72
256,Phan Thiet,VN,2021-12-08 20:15:54,10.9333,108.1,73.24,84,100,4.36
257,Umm Lajj,SA,2021-12-08 20:16:55,25.0213,37.2685,69.71,44,56,18.01
258,Wanning,CN,2021-12-08 20:16:56,18.8003,110.3967,71.51,85,75,13.91
259,El Monte,US,2021-12-08 20:16:56,34.0686,-118.0276,72.18,64,1,0.0
260,Grand Gaube,MU,2021-12-08 20:16:56,-20.0064,57.6608,77.38,69,25,3.0
261,Pathein,MM,2021-12-08 20:16:57,16.7833,94.7333,70.12,79,35,3.8
262,Padang,ID,2021-12-08 20:16:57,-0.9492,100.3543,77.59,87,78,3.91
263,Port Augusta,AU,2021-12-08 20:16:57,-32.5,137.7667,55.54,63,0,8.01
264,Mount Isa,AU,2021-12-08 20:16:50,-20.7333,139.5,76.77,23,32,8.05
265,Batagay-Alyta,RU,2021-12-08 20:16:58,67.8006,130.4114,-28.95,91,100,1.52
266,Dzhebariki-Khaya,RU,2021-12-08 20:12:14,62.2167,135.8,-18.62,92,100,1.92
267,Campo Maior,BR,2021-12-08 20:16:58,-4.8278,-42.1686,93.9,34,100,1.19
268,Labuhan,ID,2021-12-08 20:16:59,-6.8844,112.2051,79.2,83,100,8.99
269,Thompson,CA,2021-12-08 20:16:59,55.7435,-97.8558,-12.84,77,90,0.0
270,Faanui,PF,2021-12-08 20:17:00,-16.4833,-151.75,81.07,76,32,13.98
271,Rawlins,US,2021-12-08 20:17:00,41.7911,-107.2387,39.42,56,1,26.46
272,Barra,BR,2021-12-08 20:17:00,-11.0894,-43.1417,85.59,52,45,1.43
273,Hamilton,US,2021-12-08 20:13:39,39.1834,-84.5333,42.64,59,1,3.0
274,Maumere,ID,2021-12-08 20:17:01,-8.6199,122.2111,79.5,84,100,6.08
275,Hay River,CA,2021-12-08 20:17:01,60.8156,-115.7999,4.98,85,90,11.5
276,Sangar,RU,2021-12-08 20:18:02,63.9242,127.4739,-17.48,94,100,10.18
277,Lydenburg,ZA,2021-12-08 20:18:02,-25.0978,30.4597,60.28,90,100,0.89
278,Havre,FR,2021-12-08 20:18:02,49.5833,0.3333,38.44,74,76,15.19
279,Abu Dhabi,AE,2021-12-08 20:15:07,24.4667,54.3667,73.42,62,0,5.75
280,Mwanza,TZ,2021-12-08 20:18:03,-2.5167,32.9,75.04,65,100,4.45
281,Hami,CN,2021-12-08 20:18:04,42.8,93.45,28.2,62,100,4.56
282,Tezu,IN,2021-12-08 20:18:04,27.9167,96.1667,64.96,51,84,3.31
283,Rosarito,MX,2021-12-08 20:18:04,32.3333,-117.0333,70.63,64,0,6.2
284,Manthani,IN,2021-12-08 20:18:05,18.65,79.6667,74.39,53,100,5.01
285,Fort Nelson,CA,2021-12-08 20:18:05,58.8053,-122.7002,6.39,85,75,0.0
286,San Miguel,SV,2021-12-08 20:18:05,13.4833,-88.1833,98.08,46,0,4.61
287,Klaksvik,FO,2021-12-08 20:18:06,62.2266,-6.589,40.12,77,100,27.02
288,Cap Malheureux,MU,2021-12-08 20:18:06,-19.9842,57.6142,77.47,69,21,3.0
289,Klimovo,RU,2021-12-08 20:18:07,52.3805,32.1923,25.48,94,100,12.82
290,Meridian,US,2021-12-08 20:18:07,43.6121,-116.3915,50.72,78,90,1.99
291,Cururupu,BR,2021-12-08 20:18:07,-1.8283,-44.8683,84.16,68,22,5.84
292,Kasane,BW,2021-12-08 20:18:08,-17.8167,25.15,74.66,52,100,3.89
293,San Cristobal,VE,2021-12-08 20:18:08,7.7669,-72.225,77.18,45,98,2.73
294,Catuday,PH,2021-12-08 20:18:09,16.2923,119.8062,74.98,70,100,10.22
295,Boende,CD,2021-12-08 20:18:09,-0.2167,20.8667,73.58,89,94,1.32
296,Los Llanos De Aridane,ES,2021-12-08 20:18:09,28.6585,-17.9182,64.15,78,75,13.0
297,Maceio,BR,2021-12-08 20:16:02,-9.6658,-35.7353,85.44,70,20,17.27
298,Gusinoye Ozero,RU,2021-12-08 20:18:10,51.1144,106.2614,15.75,87,100,4.79
299,Ambilobe,MG,2021-12-08 20:18:10,-13.2,49.05,73.98,81,22,3.98
300,Taonan,CN,2021-12-08 20:18:11,45.3333,122.7833,22.96,88,99,7.27
301,Cherskiy,RU,2021-12-08 20:18:11,68.75,161.3,-43.56,99,100,3.69
302,Visby,SE,2021-12-08 20:18:11,57.6409,18.296,31.77,86,0,19.57
303,Yuci,CN,2021-12-08 20:18:12,37.6803,112.7319,28.15,93,91,2.24
304,Camacha,PT,2021-12-08 20:18:12,33.0833,-16.3333,60.53,72,75,10.36
305,Mufulira,ZM,2021-12-08 20:18:12,-12.5498,28.2407,74.26,36,71,6.17
306,Hasaki,JP,2021-12-08 20:18:13,35.7333,140.8333,46.8,75,100,32.53
307,Waingapu,ID,2021-12-08 20:18:13,-9.6567,120.2641,78.93,83,67,5.12
308,Constitucion,CL,2021-12-08 20:18:13,-35.3333,-72.4167,65.8,70,28,12.3
309,Kamwenge,UG,2021-12-08 20:18:14,0.1866,30.4539,62.1,95,50,0.51
310,Kollam,IN,2021-12-08 20:18:14,8.8833,76.6,80.47,85,8,4.29
311,Svarstad,NO,2021-12-08 20:18:14,59.399,9.9698,30.81,45,100,3.0
312,Port Blair,IN,2021-12-08 20:18:15,11.6667,92.75,79.12,74,62,13.58
313,Tiksi,RU,2021-12-08 20:18:15,71.6872,128.8694,-19.75,96,100,6.73
314,Henties Bay,NA,2021-12-08 20:18:16,-22.116,14.2845,58.86,91,0,5.97
315,Hadejia,NG,2021-12-08 20:18:16,12.4498,10.0444,71.76,14,59,9.22
316,Aklavik,CA,2021-12-08 20:18:16,68.2191,-135.0107,16.52,79,90,10.36
317,Comodoro Rivadavia,AR,2021-12-08 20:15:33,-45.8667,-67.5,58.86,44,0,20.71
318,Arona,ES,2021-12-08 20:18:17,28.0996,-16.681,64.13,67,20,17.27
319,Badnawar,IN,2021-12-08 20:18:17,23.0167,75.2167,65.07,53,1,7.14
320,Price,US,2021-12-08 20:16:39,39.5994,-110.8107,39.11,75,90,4.61
321,Pevek,RU,2021-12-08 20:18:18,69.7008,170.3133,-18.47,96,100,2.33
322,Saint Anthony,US,2021-12-08 20:18:18,45.0205,-93.218,21.25,75,1,3.0
323,Asfi,MA,2021-12-08 20:18:19,32.2994,-9.2372,61.36,85,19,20.29
324,Ponta Delgada,PT,2021-12-08 20:19:19,37.7333,-25.6667,61.5,77,75,3.44
325,Calvinia,ZA,2021-12-08 20:19:19,-31.4707,19.776,76.08,33,15,5.14
326,Key West,US,2021-12-08 20:17:28,24.5557,-81.7826,84.2,74,1,6.91
327,Bilma,NE,2021-12-08 20:19:20,18.6853,12.9164,64.58,13,34,6.96
328,Karaton,ID,2021-12-08 20:19:20,-6.3424,106.1045,77.95,94,48,2.3
329,Sitka,US,2021-12-08 20:19:21,57.0531,-135.33,39.09,81,90,10.36
330,Sala Consilina,IT,2021-12-08 20:19:21,40.3912,15.5989,43.45,92,85,8.48
331,Jasper,US,2021-12-08 20:19:22,37.2001,-94.3502,56.35,35,1,1.99
332,Carauari,BR,2021-12-08 20:19:22,-4.8828,-66.8958,82.89,87,76,2.86
333,Snezhnogorsk,RU,2021-12-08 20:19:22,69.1933,33.2531,-25.82,99,37,5.79
334,Bandarbeyla,SO,2021-12-08 20:19:23,9.4942,50.8122,76.68,70,27,20.83
335,Bafia,CM,2021-12-08 20:19:23,4.75,11.2333,73.04,61,13,2.62
336,Nouakchott,MR,2021-12-08 20:19:24,18.0858,-15.9785,78.73,26,55,10.89
337,Nemuro,JP,2021-12-08 20:19:24,43.3236,145.575,38.66,63,100,8.39
338,Boddam,GB,2021-12-08 20:19:24,57.4667,-1.7833,42.1,79,100,12.57
339,Thinadhoo,MV,2021-12-08 20:19:25,0.5333,72.9333,81.12,75,96,5.17
340,Caravelas,BR,2021-12-08 20:19:25,-17.7125,-39.2481,73.36,96,100,5.26
341,Zhongshu,CN,2021-12-08 20:19:26,24.5167,103.7667,49.06,96,98,3.15
342,Brindisi,IT,2021-12-08 20:19:26,40.5833,17.6667,56.79,73,84,16.35
343,Ouadda,CF,2021-12-08 20:19:27,8.0777,22.4007,78.93,21,32,7.78
344,Carnarvon,AU,2021-12-08 20:19:27,-24.8667,113.6333,71.67,88,90,12.66
345,Tilichiki,RU,2021-12-08 20:19:27,60.4667,166.1,-11.31,99,85,7.29
346,Harper,LR,2021-12-08 20:19:28,4.375,-7.7169,80.38,82,43,9.75
347,Inirida,CO,2021-12-08 20:19:28,3.8653,-67.9239,81.81,88,97,2.84
348,Oranjemund,NA,2021-12-08 20:19:28,-28.55,16.4333,62.01,93,0,4.12
349,Barranca,PE,2021-12-08 20:19:29,-10.75,-77.7667,70.29,76,94,10.38
350,Akdepe,TM,2021-12-08 20:19:29,42.0551,59.3788,32.09,62,4,15.97
351,Port-Gentil,GA,2021-12-08 20:19:30,-0.7193,8.7815,80.78,79,100,6.6
352,Gurlan,UZ,2021-12-08 20:19:30,41.8447,60.3919,32.07,62,4,15.03
353,Gasa,PS,2021-12-08 20:16:42,31.5,34.4667,60.87,67,95,24.61
354,Ballina,AU,2021-12-08 20:19:31,-28.8667,153.5667,64.78,98,9,3.33
355,Lompoc,US,2021-12-08 20:19:31,34.6391,-120.4579,68.68,66,1,0.0
356,Ko Samui,TH,2021-12-08 20:19:32,9.5357,99.9357,79.72,73,80,12.01
357,Ust-Kalmanka,RU,2021-12-08 20:19:32,52.1207,83.305,-3.91,98,97,5.53
358,Nicoya,CR,2021-12-08 20:19:32,10.1483,-85.452,90.95,59,51,8.39
359,Huilong,CN,2021-12-08 20:19:33,31.8111,121.655,56.03,63,100,9.35
360,Beasain,ES,2021-12-08 20:19:33,43.0502,-2.2009,44.89,92,100,9.28
361,Healesville,AU,2021-12-08 20:19:34,-37.65,145.5167,57.22,91,96,1.99
362,Khairpur Nathan Shah,PK,2021-12-08 20:19:34,27.0936,67.7337,62.58,29,0,2.04
363,Plettenberg Bay,ZA,2021-12-08 20:15:59,-34.0527,23.3716,65.26,90,65,8.5
364,Chapais,CA,2021-12-08 20:19:35,49.7834,-74.8492,2.98,94,100,6.64
365,Lata,PT,2021-12-08 20:19:35,40.1629,-8.3327,52.81,82,85,10.4
366,Oga,IT,2021-12-08 20:19:35,46.4631,10.347,25.88,97,100,3.02
367,Fairbanks,US,2021-12-08 20:19:36,64.8378,-147.7164,10.74,89,90,3.44
368,Tadine,NC,2021-12-08 20:20:36,-21.55,167.8833,79.77,80,3,8.43
369,Shirokiy,RU,2021-12-08 20:20:37,49.758,129.523,8.58,96,57,6.93
370,Jaciara,BR,2021-12-08 20:20:37,-15.9653,-54.9683,87.57,56,48,1.54
371,Sibu,MY,2021-12-08 20:20:37,2.3,111.8167,77.31,94,40,0.0
372,Ust-Tsilma,RU,2021-12-08 20:20:38,65.441,52.1498,10.35,95,95,5.37
373,Lingyuan,CN,2021-12-08 20:20:38,41.24,119.4011,32.54,57,100,3.36
374,Nara,JP,2021-12-08 20:20:39,34.6851,135.8049,44.98,76,4,2.26
375,Quatre Cocos,MU,2021-12-08 20:20:39,-20.2078,57.7625,77.09,72,42,10.36
376,Vila Velha,BR,2021-12-08 20:20:30,-20.3297,-40.2925,71.55,95,90,5.99
377,Westport,US,2021-12-08 20:17:41,41.1415,-73.3579,42.39,78,90,1.01
378,Clyde River,CA,2021-12-08 20:20:40,70.4692,-68.5914,7.03,78,35,4.61
379,Aykhal,RU,2021-12-08 20:20:40,66.0,111.5,-24.66,100,91,7.27
380,Taoudenni,ML,2021-12-08 20:20:41,22.6783,-3.9836,65.79,15,99,9.24
381,Uruguaiana,BR,2021-12-08 20:17:24,-29.7547,-57.0883,89.53,35,20,8.05
382,Rawson,AR,2021-12-08 20:20:41,-43.3002,-65.1023,57.27,53,3,18.39
383,George Town,MY,2021-12-08 20:20:42,5.4112,100.3354,79.9,81,20,3.44
384,Paamiut,GL,2021-12-08 20:20:42,61.994,-49.6678,21.42,77,100,8.39
385,Porto Santo,PT,2021-12-08 20:20:42,33.072,-16.3415,63.3,72,75,10.36
386,Usvyaty,RU,2021-12-08 20:20:43,55.7456,30.7533,9.36,91,6,6.29
387,Ust-Kuyga,RU,2021-12-08 20:20:43,70.0167,135.6,-30.87,96,99,7.38
388,Golden,US,2021-12-08 20:18:33,39.7555,-105.2211,58.77,21,75,1.01
389,Chokwe,MZ,2021-12-08 20:20:44,-24.5333,32.9833,74.75,91,99,4.9
390,Saldanha,ZA,2021-12-08 20:20:45,-33.0117,17.9442,71.65,88,40,11.27
391,Celestun,MX,2021-12-08 20:20:45,20.8667,-90.4,84.06,64,30,9.64
392,Kuytun,RU,2021-12-08 20:20:45,54.3419,101.5036,2.07,97,97,3.78
393,Ongandjera,NA,2021-12-08 20:20:46,-17.8833,15.0667,85.53,31,32,10.6
394,Lima,PE,2021-12-08 20:20:24,-12.0432,-77.0282,70.14,68,40,14.97
395,Fortuna,US,2021-12-08 20:20:47,40.5982,-124.1573,56.19,73,90,1.01
396,Bethel,US,2021-12-08 20:17:14,41.3712,-73.414,39.04,69,90,3.44
397,Solnechnyy,RU,2021-12-08 20:20:47,50.7214,136.6319,12.78,91,46,4.38
398,Kirkenaer,NO,2021-12-08 20:20:48,60.4564,12.0582,26.08,95,100,3.62
399,Laguna,US,2021-12-08 20:20:48,38.421,-121.4238,55.26,91,90,1.01
400,Dunda,TZ,2021-12-08 20:20:48,-8.1167,34.25,67.96,63,14,0.27
401,Santa Maria,BR,2021-12-08 20:20:49,-29.6842,-53.8069,81.7,36,0,18.41
402,Homestead,US,2021-12-08 20:20:49,25.4687,-80.4776,86.0,67,20,5.01
403,Kibaya,TZ,2021-12-08 20:20:50,-5.3,36.5667,60.82,90,51,5.01
404,Salalah,OM,2021-12-08 20:15:58,17.0151,54.0924,73.49,40,0,1.14
405,Trofors,NO,2021-12-08 20:20:50,65.5333,13.4063,27.75,95,26,5.35
406,Venado Tuerto,AR,2021-12-08 20:20:51,-33.7456,-61.9688,93.07,16,15,6.93
407,Jacareacanga,BR,2021-12-08 20:20:51,-6.2222,-57.7528,83.41,80,81,2.68
408,Banov,CZ,2021-12-08 20:20:52,48.988,17.7175,34.79,85,100,7.81
409,Bijawar,IN,2021-12-08 20:20:52,24.6333,79.5,57.94,47,0,4.27
410,Taunggyi,MM,2021-12-08 20:20:52,20.7833,97.0333,55.74,94,0,1.32
411,Lautaro,CL,2021-12-08 20:20:53,-38.5167,-72.45,82.38,24,5,14.5
412,Te Horo,NZ,2021-12-08 20:20:53,-40.8084,175.1233,67.8,91,100,3.0
413,Karoi,ZW,2021-12-08 20:19:09,-16.8099,29.6925,72.75,39,62,0.4
414,Chor,PK,2021-12-08 20:21:54,25.5167,69.7667,64.45,27,0,9.13
415,Pandan,PH,2021-12-08 20:21:54,14.0453,124.1694,77.79,81,100,20.38
416,Skjervoy,NO,2021-12-08 20:21:54,70.0311,20.9714,15.8,74,2,15.26
417,Taber,CA,2021-12-08 20:21:55,49.8167,-112.1518,44.6,59,1,24.16
418,Brikama,GM,2021-12-08 20:21:56,13.2714,-16.6494,75.24,64,100,5.75
419,Porto Novo,BJ,2021-12-08 20:21:56,6.4965,2.6036,84.02,77,7,6.69
420,Tromso,NO,2021-12-08 20:21:56,69.6496,18.957,21.22,58,0,13.8
421,Airai,TL,2021-12-08 20:21:57,-8.9266,125.4092,60.64,92,92,1.36
422,Tambo,PE,2021-12-08 20:21:57,-14.8,-73.9167,48.56,56,99,10.69
423,Pangkalanbuun,ID,2021-12-08 20:21:58,-2.6833,111.6167,74.16,98,100,2.3
424,Teofilo Otoni,BR,2021-12-08 20:21:58,-17.8575,-41.5053,74.26,95,80,3.36
425,Honningsvag,NO,2021-12-08 20:21:58,70.9821,25.9704,20.95,68,20,20.71
426,Seydi,TM,2021-12-08 20:21:59,39.4816,62.9137,41.59,62,0,10.47
427,Pocatello,US,2021-12-08 20:21:59,42.8713,-112.4455,44.89,61,75,8.99
428,San Ramon,US,2021-12-08 20:19:28,37.7799,-121.978,56.55,91,90,1.01
429,Te Karaka,NZ,2021-12-08 20:22:00,-38.4654,177.8679,76.44,54,19,2.86
430,Bansang,GM,2021-12-08 20:22:00,13.4333,-14.65,85.75,15,90,4.34
431,Chalons-En-Champagne,FR,2021-12-08 20:22:00,48.9539,4.3672,34.38,96,8,6.08
432,Ginda,IN,2021-12-08 20:22:01,30.6945,78.4932,41.27,24,0,8.14
433,Muncar,ID,2021-12-08 20:22:01,-8.4333,114.3333,75.92,90,69,3.02
434,Saint-Ambroise,CA,2021-12-08 20:22:01,48.5501,-71.3324,7.29,84,100,3.65
435,Nhulunbuy,AU,2021-12-08 20:22:02,-12.2333,136.7667,81.21,83,61,0.0
436,Teguldet,RU,2021-12-08 20:22:02,57.3064,88.1667,0.54,94,100,7.05
437,Goure,NE,2021-12-08 20:22:03,13.9835,10.2704,72.01,14,3,9.37
438,Topolobampo,MX,2021-12-08 20:22:03,25.6,-109.05,82.06,18,90,0.0
439,Byron Bay,AU,2021-12-08 20:22:03,-28.65,153.6167,72.05,89,9,3.18
440,Castro Alves,BR,2021-12-08 20:22:04,-12.7656,-39.4283,77.13,83,93,6.17
441,Bathsheba,BB,2021-12-08 20:22:04,13.2167,-59.5167,83.01,69,40,20.71
442,Caxito,AO,2021-12-08 20:22:04,-8.5785,13.6643,76.26,90,84,3.36
443,Ribeira Brava,PT,2021-12-08 20:22:05,32.65,-17.0667,64.13,73,53,8.48
444,Cadillac,US,2021-12-08 20:22:05,44.2519,-85.4012,26.96,74,90,4.61
445,Yar-Sale,RU,2021-12-08 20:22:05,66.8333,70.8333,17.4,79,100,23.69
446,Gaogou,CN,2021-12-08 20:22:06,34.0175,119.1886,46.27,82,100,5.88
447,Novopokrovka,UA,2021-12-08 20:22:06,49.8425,36.5477,41.38,93,100,9.19
448,Gornopravdinsk,RU,2021-12-08 20:22:06,60.05,69.9,-5.91,98,19,5.08
449,Bilibino,RU,2021-12-08 20:22:07,68.0546,166.4372,-39.23,99,99,0.29
450,Telde,ES,2021-12-08 20:22:07,27.9924,-15.4192,66.04,63,75,21.85
451,Goba,ET,2021-12-08 20:22:07,7.0167,39.9833,50.59,66,100,3.71
452,Bara,NG,2021-12-08 20:22:08,10.3744,10.7288,74.82,17,100,7.83
453,Ambovombe,MG,2021-12-08 20:22:09,-25.1667,46.0833,75.56,78,62,10.13
454,Wawa,NG,2021-12-08 20:22:09,9.9022,4.4192,79.5,26,4,2.1
455,Dong Hoi,VN,2021-12-08 20:22:09,17.4833,106.6,67.15,89,100,6.17
456,Gizo,SB,2021-12-08 20:22:10,-8.103,156.8419,81.81,83,100,13.2
457,Wewak,PG,2021-12-08 20:22:10,-3.5534,143.6268,77.34,90,100,6.82
458,Daru,PG,2021-12-08 20:23:11,-9.0763,143.2092,78.04,88,99,4.63
459,Santa Flavia,IT,2021-12-08 20:23:11,38.085,13.5351,60.53,60,0,14.0
460,Boa Vista,BR,2021-12-08 20:23:11,2.8197,-60.6733,93.18,43,75,6.91
461,Maniitsoq,GL,2021-12-08 20:23:12,65.4167,-52.9,28.92,56,96,9.91
462,Acapulco,MX,2021-12-08 20:23:12,16.8634,-99.8901,87.62,70,1,9.22
463,Nyurba,RU,2021-12-08 20:23:12,63.2842,118.3319,-27.96,99,100,1.68
464,Monrovia,LR,2021-12-08 20:22:19,6.3005,-10.7969,80.37,80,5,9.19
465,Muros,ES,2021-12-08 20:23:13,42.7762,-9.0603,51.24,94,86,18.77
466,Vanimo,PG,2021-12-08 20:23:14,-2.6741,141.3028,77.92,88,100,6.06
467,Marfino,RU,2021-12-08 20:23:14,55.7028,37.3822,18.09,85,75,6.71
468,Gongzhuling,CN,2021-12-08 20:23:14,43.5008,124.8198,36.27,55,100,14.18
469,Bonfim,BR,2021-12-08 20:23:15,3.0833,-59.95,87.48,59,95,5.59
470,Baijiantan,CN,2021-12-08 20:23:15,45.6333,85.1833,35.46,80,100,11.1
471,Nogliki,RU,2021-12-08 20:23:16,51.8333,143.1667,24.78,81,8,15.52
472,Leningradskiy,RU,2021-12-08 20:23:16,69.3833,178.4167,-7.96,94,100,16.87
473,Acarau,BR,2021-12-08 20:23:16,-2.8856,-40.12,84.43,66,14,18.61
474,Beoumi,CI,2021-12-08 20:23:17,7.6736,-5.5764,81.36,43,10,2.8
475,Brae,GB,2021-12-08 20:23:17,60.3964,-1.353,44.51,88,100,32.06
476,Komsomolskiy,UZ,2021-12-08 20:23:18,40.4272,71.7189,36.82,75,0,2.3
477,San Antonio Del Tequendama,CO,2021-12-08 20:23:18,4.6189,-74.3539,74.1,78,100,5.26
478,Oktyabrskiy,RU,2021-12-08 20:23:19,54.4815,53.471,25.05,91,100,11.48
479,Nagar Karnul,IN,2021-12-08 20:23:19,16.4821,78.3247,69.76,83,3,6.31
480,Sucua,EC,2021-12-08 20:23:19,-2.4667,-78.1667,81.34,57,40,4.61
481,Bandar-E Lengeh,IR,2021-12-08 20:23:20,26.5579,54.8807,72.97,43,100,6.64
482,Ruwi,OM,2021-12-08 20:23:20,23.5996,58.5507,69.49,50,80,3.98
483,Cape Canaveral,US,2021-12-08 20:20:39,28.4058,-80.6048,86.07,58,1,11.5
484,Pueblo Nuevo,MX,2021-12-08 20:23:21,23.3833,-105.3833,71.85,21,15,6.2
485,Leeton,AU,2021-12-08 20:23:21,-34.5667,146.4,50.05,71,4,10.36
486,Gimli,CA,2021-12-08 20:23:22,50.6336,-96.9907,7.43,78,100,13.8
487,Nabire,ID,2021-12-08 20:23:22,-3.3667,135.4833,76.71,86,100,3.71
488,Brownsville,US,2021-12-08 20:18:49,25.9018,-97.4975,78.8,82,90,5.01
489,Ajjampur,IN,2021-12-08 20:23:22,13.7281,76.0094,67.37,89,1,4.16
490,Patrocinio,BR,2021-12-08 20:23:23,-18.9439,-46.9925,76.96,67,95,8.1
491,Bintulu,MY,2021-12-08 20:23:23,3.1667,113.0333,75.61,100,40,0.0
492,Havoysund,NO,2021-12-08 20:23:24,70.9963,24.6622,21.43,80,29,20.49
493,Sinnamary,GF,2021-12-08 20:23:24,5.3833,-52.95,79.57,85,100,6.91
494,Marawi,PH,2021-12-08 20:23:24,7.9986,124.2928,65.64,96,99,1.28
495,Okakarara,NA,2021-12-08 20:23:25,-20.5833,17.4333,77.23,34,31,6.91
496,Wattegama,LK,2021-12-08 20:23:25,6.7989,81.4808,73.45,94,71,3.47
497,Khani,GE,2021-12-08 20:23:25,41.9563,42.9566,51.37,51,53,7.34
498,Morro Bay,US,2021-12-08 20:23:26,35.3658,-120.8499,68.34,74,7,3.0
499,Kalashnikovo,RU,2021-12-08 20:23:26,57.2824,35.2262,3.42,98,88,3.85
500,Khartoum,SD,2021-12-08 20:22:47,15.5518,32.5324,81.01,34,0,1.99
501,Hangha,SL,2021-12-08 20:23:27,7.9411,-11.14,76.8,68,1,2.93
502,Canavieiras,BR,2021-12-08 20:23:27,-15.675,-38.9472,77.04,92,84,7.45
503,Matay,EG,2021-12-08 20:23:27,28.419,30.7792,57.31,55,0,7.2
504,Katsuura,JP,2021-12-08 20:24:28,35.1333,140.3,52.2,78,100,26.55
505,Mayya,RU,2021-12-08 20:24:28,61.7333,130.2811,-25.69,98,100,3.56
506,Ulaanbaatar,MN,2021-12-08 20:24:29,47.9077,106.8832,1.53,78,0,2.24
507,Malinovka,BY,2021-12-08 20:24:29,53.8579,27.4374,8.1,85,73,11.74
508,Leo,BF,2021-12-08 20:24:30,11.1,-2.1,79.54,16,0,8.12
509,Mbini,GQ,2021-12-08 20:24:30,1.574,9.6134,80.2,83,99,4.72
510,Havre-Saint-Pierre,CA,2021-12-08 20:24:30,50.2334,-63.5986,12.79,66,1,14.97
511,Evensk,RU,2021-12-08 20:24:31,61.95,159.2333,-23.17,76,96,10.71
512,Bhum,IN,2021-12-08 20:24:31,18.4667,75.6667,72.09,54,100,12.41
513,Korla,CN,2021-12-08 20:24:32,41.7597,86.1469,27.43,54,100,3.62
514,Kushmurun,KZ,2021-12-08 20:24:32,52.4503,64.6311,5.92,84,100,6.89
515,Mahajanga,MG,2021-12-08 20:24:32,-15.7167,46.3167,82.42,57,20,9.22
516,Lanzhou,CN,2021-12-08 20:24:33,36.0564,103.7922,20.48,63,0,1.72
517,Meulaboh,ID,2021-12-08 20:24:33,4.1363,96.1285,77.54,87,98,3.02
518,Bontang,ID,2021-12-08 20:24:34,0.1333,117.5,76.59,89,58,2.51
519,Cabedelo,BR,2021-12-08 20:24:34,-6.9811,-34.8339,83.07,72,9,11.74
520,Victoria,HK,2021-12-08 20:22:07,22.2855,114.1577,67.98,83,36,5.01
521,Sortavala,RU,2021-12-08 20:24:34,61.7053,30.6918,6.42,97,55,5.46
522,Mayo,US,2021-12-08 20:24:35,38.8876,-76.5119,44.71,70,20,1.99
523,Natchitoches,US,2021-12-08 20:24:35,31.7668,-93.1335,65.25,51,1,0.0
524,Burnie,AU,2021-12-08 20:24:35,-41.0667,145.9167,50.67,75,3,4.92
525,Kaduna,NG,2021-12-08 20:24:36,10.5222,7.4383,70.38,18,100,7.25
526,Odweyne,SO,2021-12-08 20:24:36,9.4092,45.064,62.87,33,6,9.84
527,Banjar,ID,2021-12-08 20:24:37,-8.19,114.9675,80.46,88,100,6.02
528,Shubarkuduk,KZ,2021-12-08 20:24:37,49.1447,56.4872,22.87,60,99,17.6
529,Skibbereen,IE,2021-12-08 20:24:37,51.55,-9.2667,39.0,66,60,16.53
530,Natal,BR,2021-12-08 20:21:45,-5.795,-35.2094,84.85,70,40,13.8
531,Mulege,MX,2021-12-08 20:24:38,26.8833,-111.9833,77.5,26,99,2.75
532,Mizdah,LY,2021-12-08 20:24:38,31.4451,12.9801,51.46,24,99,7.45
533,Aasiaat,GL,2021-12-08 20:24:39,68.7098,-52.8699,5.72,86,100,7.14
534,Coihaique,CL,2021-12-08 20:24:39,-45.5752,-72.0662,75.15,35,20,10.36
535,Ixtapa,MX,2021-12-08 20:24:39,20.7,-105.2,81.63,44,1,5.75
536,Iquitos,PE,2021-12-08 20:24:40,-3.7481,-73.2472,91.44,55,20,8.05
537,Shimoda,JP,2021-12-08 20:24:40,34.6667,138.95,48.11,80,43,15.57
538,Haapiti,PF,2021-12-08 20:24:40,-17.5667,-149.8667,82.13,72,31,16.78
539,Pauini,BR,2021-12-08 20:24:41,-7.7136,-66.9764,81.77,87,92,3.15
540,Antofagasta,CL,2021-12-08 20:24:41,-23.65,-70.4,65.48,71,52,11.92
541,Miranda,CO,2021-12-08 20:24:41,3.2499,-76.2281,84.33,66,100,1.48
542,Barcelos,PT,2021-12-08 20:24:42,41.5388,-8.6151,51.94,82,75,11.88
543,Sorland,NO,2021-12-08 20:24:42,67.667,12.6934,30.06,73,85,11.59
544,Kendari,ID,2021-12-08 20:24:42,-3.945,122.4989,75.85,89,100,3.15
545,Hualmay,PE,2021-12-08 20:24:40,-11.0964,-77.6139,71.15,77,82,10.2
546,San Pedro,PH,2021-12-08 20:24:43,14.35,121.0167,78.03,77,75,2.3
547,Cayenne,GF,2021-12-08 20:24:43,4.9333,-52.3333,78.84,85,90,3.0
548,Pisco,PE,2021-12-08 20:24:44,-13.7,-76.2167,73.45,68,0,14.97
549,Selma,US,2021-12-08 20:24:44,36.5708,-119.6121,68.04,81,18,2.98
550,Puerto Penasco,MX,2021-12-08 20:24:45,31.3167,-113.5333,68.92,75,39,5.99
551,Ust-Uda,RU,2021-12-08 20:24:45,54.1742,103.0304,3.63,97,91,3.49
552,Collie,AU,2021-12-08 20:25:45,-33.3667,116.15,72.99,30,0,10.74
553,Ahmadpur,IN,2021-12-08 20:25:46,18.7,76.9333,68.29,62,39,7.2
554,Asau,RO,2021-12-08 20:25:46,46.4333,26.4,31.95,78,100,1.97
555,Sibolga,ID,2021-12-08 20:25:47,1.7427,98.7792,75.18,92,85,3.51
556,Guangyuan,CN,2021-12-08 20:25:47,32.442,105.823,43.56,88,5,2.06
557,Prince Albert,CA,2021-12-08 20:25:47,53.2001,-105.7677,12.15,85,90,13.8
558,Ekhabi,RU,2021-12-08 20:25:48,53.5102,142.9671,11.35,90,91,6.8
559,Key Largo,US,2021-12-08 20:25:48,25.0865,-80.4473,87.98,63,37,3.51
560,Makakilo City,US,2021-12-08 20:22:00,21.3469,-158.0858,82.72,70,1,9.22
561,Xining,CN,2021-12-08 20:22:11,36.6167,101.7667,29.21,37,0,0.94
562,Kenai,US,2021-12-08 20:25:49,60.5544,-151.2583,15.85,87,90,0.0
563,Pavilosta,LV,2021-12-08 20:25:49,56.8879,21.1859,10.35,72,39,15.59
564,Sambava,MG,2021-12-08 20:25:50,-14.2667,50.1667,75.09,81,99,8.16
565,Caxias,PT,2021-12-08 20:25:50,38.7031,-9.2767,56.44,73,40,3.0
566,Inhambane,MZ,2021-12-08 20:23:34,-23.865,35.3833,77.77,77,98,7.49
567,Santa Cruz,BO,2021-12-08 20:25:50,-17.8,-63.1667,92.66,43,20,14.97
568,Outjo,NA,2021-12-08 20:25:51,-20.1167,16.15,75.38,44,91,10.51
569,Dunmore Town,BS,2021-12-08 20:25:51,25.5,-76.65,77.72,79,4,5.17
570,Ahipara,NZ,2021-12-08 20:25:52,-35.1667,173.1667,68.29,75,100,3.62
571,Banepa,NP,2021-12-08 20:25:52,27.6298,85.5214,46.72,93,20,0.0
572,Xam Nua,LA,2021-12-08 20:25:52,20.4197,104.0439,50.05,97,5,1.86
573,Bilecik,TR,2021-12-08 20:25:53,40.0,30.1667,41.68,81,27,3.47
574,Mathbaria,BD,2021-12-08 20:25:53,22.2876,89.9593,68.7,84,100,5.86
575,Bulgan,MN,2021-12-08 20:25:54,48.8125,103.5347,21.22,63,98,1.79
576,Mazagao,BR,2021-12-08 20:25:54,-0.115,-51.2894,82.45,62,100,4.52
577,Mildura,AU,2021-12-08 20:25:54,-34.2,142.15,49.96,62,0,8.05
578,Dharchula,IN,2021-12-08 20:25:55,29.85,80.5333,48.99,30,100,7.87
579,Howard Springs,AU,2021-12-08 20:25:55,-12.497,131.047,80.51,97,68,2.15
